latitude,longitude,timestamp,accuracy,speed,altitude,source,signal_loss,true_latitude,true_longitude,noise_latitude,noise_longitude,bias_latitude,bias_longitude,drift_latitude,drift_longitude,random_noise_latitude,random_noise_longitude,total_noise_meters
17.385156104696023,78.48624938676888,2025-03-07 06:31:02.093699000,5.787633581961682,12.099155063419673,98.64632426188192,Route,False,17.385132173959303,78.48625937255946,2.5422757089220465,-1.0608379160618453,1.4326852697266768,2.2773513032548536,0.06899502704618588,-0.029405547825131245,1.0405954121491838,-3.3087836714915677,2.754730996727182
17.385312409052876,78.48589725022303,2025-03-07 06:31:05.341573874,6.202485370800718,7.078153101591541,50.97300809504812,Route,False,17.385337387759208,78.48592117177229,-2.653606493239922,-2.5412996815343263,1.4326852697266768,2.2773513032548536,0.13529985764688107,-0.06445792918522021,-4.221591620613481,-4.754193055603959,3.674211683114018
17.385600103053875,78.48565069257062,2025-03-07 06:31:08.589448748,3.2426768811401145,6.594636719438077,29.51088637736249,Route,False,17.38562073674391,78.48564861731478,-2.1920147955369425,0.22046427356428153,1.4326852697266768,2.2773513032548536,0.20207534692888132,-0.09860516964692477,-3.8267754121925006,-1.9582818600436471,2.203073616511961
17.38601099857151,78.48547583121562,2025-03-07 06:31:11.837323622,3.892859596049516,7.463496902354659,325.87723309478463,Route,False,17.385983751161547,78.48545016931676,2.8946216446522355,2.7261852774799897,1.4326852697266768,2.2773513032548536,0.2654000002335167,-0.13879208647128113,1.1965363746920423,0.5876260606964174,3.9762948372621794
17.386423636174655,78.4852691922266,2025-03-07 06:31:15.085198496,6.817407921744471,6.924571469803734,364.5000381041009,Route,False,17.386390637438335,78.48528440146924,3.5056123325531563,-1.6157500119110941,1.4326852697266768,2.2773513032548536,0.3317887023365073,-0.17368535563712983,1.7411383604899722,-3.719415959528818,3.8600473995975078
17.386795757413346,78.48516169918207,2025-03-07 06:31:18.333073370,4.1439459008771555,6.877636109385776,369.2522896319256,Route,False,17.386787858378938,78.48512257057035,0.8391519044827268,4.156818081321522,1.4326852697266768,2.2773513032548536,0.3990931712899195,-0.20677777862033211,-0.9926265365338696,2.086244556687001,4.24067358800445
17.38717273800676,78.48496446568403,2025-03-07 06:31:21.580948244,6.70034714178819,6.694440855395917,42.958033713772714,Route,False,17.387185990023195,78.4849603678852,-1.4078245843855992,0.4353286128347927,1.4326852697266768,2.2773513032548536,0.4632701561875619,-0.2455890477241347,-3.303780010299838,-1.5964336426959258,1.4735946055659779
17.387581634423526,78.48483594118615,2025-03-07 06:31:24.828823118,7.237889456492322,7.5113438969737345,238.6733515868118,Route,False,17.387546067187532,78.48481366830707,3.7784762399700216,2.3661536259686757,1.4326852697266768,2.2773513032548536,0.5273619627676502,-0.2845408169946127,1.8184290074756944,0.37334313970843513,4.458202067841105
17.387896711095276,78.48472954690816,2025-03-07 06:31:28.076697992,6.263830188049301,7.451922326301511,145.6075161482011,Route,False,17.38787773141256,78.48467854393598,2.0163017505591685,5.418287734024555,1.4326852697266768,2.2773513032548536,0.5913030410105274,-0.32373952249796145,-0.007686560178035899,3.4646759532676636,5.781290056552163
17.388271144057228,78.48457917257346,2025-03-07 06:31:31.324572866,5.366100955824238,6.947346982808312,153.44293915545242,Route,False,17.388218900143286,78.48453954675477,5.550118866473452,4.209638735982144,1.4326852697266768,2.2773513032548536,0.6574875569814237,-0.3590185509100106,3.4599460397653523,2.2913059836373013,6.96598002577282
17.388518675886267,78.48441437288324,2025-03-07 06:31:34.572447740,9.451936779132325,7.398646310789828,439.98325189737614,Route,False,17.388533023177086,78.48441156789546,-1.5241807788833606,0.29798715988763114,1.4326852697266768,2.2773513032548536,0.7210550504382599,-0.398820231472709,-3.677921099048297,-1.5805439118945135,1.5530368296261954
17.388958523872258,78.48428642941319,2025-03-07 06:31:37.820322614,5.725673099592122,11.172913324938676,150.55321061712252,Route,False,17.388892833079584,78.48426497488077,6.978644597055053,2.2792167758547732,1.4326852697266768,2.2773513032548536,0.7866534082458182,-0.4351775615857901,4.759305919082558,0.43704303418571006,7.341410594929527
17.38932072145549,78.48414492130358,2025-03-07 06:31:41.068197488,7.728912864384928,11.17157054011323,492.8297997334392,Route,False,17.389297993968025,78.48409990432063,2.4144488312560624,4.782367696434894,1.4326852697266768,2.2773513032548536,0.8534268001822674,-0.4693289031304695,0.128336761347118,2.9743452963105095,5.357294461074336
17.389697070664244,78.4839567694472,2025-03-07 06:31:44.316072362,9.835853843137098,9.398334046612364,251.32011235007457,Route,False,17.389651161312585,78.48395601631387,4.877168258576278,0.08000892733802632,1.4326852697266768,2.2773513032548536,0.9181028711862006,-0.5073026551112022,2.5263801176634,-1.6900397208056248,4.877824479306092
17.3900332262249,78.48384434789814,2025-03-07 06:31:47.563947236,4.089262223894415,10.83370934527178,196.86689348642017,Route,False,17.390015805835777,78.4838074516301,1.8506505931697332,3.9196656210282677,1.4326852697266768,2.2773513032548536,0.9792710657259948,-0.5507014105857765,-0.5613057422829384,2.1930157283591907,4.334591814539219
17.39048998155266,78.48364412203178,2025-03-07 06:31:50.811822110,5.663548668374041,10.923332296491846,475.11122043398547,Route,False,17.390420226498126,78.48364268047692,7.41041041870321,0.15314321194596656,1.4326852697266768,2.2773513032548536,1.039831427070718,-0.5949444058934696,4.937893721905815,-1.529263685415417,7.411992675184603
17.39078066976223,78.48354229248973,2025-03-07 06:31:54.059696984,5.275276756717498,10.625169112029393,228.06195983154404,Route,False,17.390776497127668,78.48349752620622,0.44327876790056703,4.755734704429035,1.4326852697266768,2.2773513032548536,1.0975485744130942,-0.6428373166701019,-2.086955076239204,3.1212207178442832,4.776348882251186
17.391207182459162,78.48332684052693,2025-03-07 06:31:57.307571858,7.970869128738966,9.784542823481493,14.860600437642423,Route,False,17.39115876491138,78.48334177931837,5.143625833439313,-1.5870186955131325,1.4326852697266768,2.2773513032548536,1.151533831465942,-0.6949006629027246,2.5594067322466945,-3.169469335865261,5.382890956942419
17.391207182459162,78.48332684052693,2025-03-07 06:32:00.555446732,100.0,0.0,169.44275704681561,Route,True,17.391543900330173,78.48318486336541,-35.77113710582424,15.082907525330032,1.4326852697266768,2.2773513032548536,1.2003987578747677,-0.751797226657138,-38.40422113342568,13.557353448732316,38.82097821103086
17.391526293552545,78.48273776022249,2025-03-07 06:32:03.803321606,200.0,0.0,431.72167820734717,Route,True,17.39185834968242,78.48305674654766,-35.275898225577265,-33.887430858453016,1.4326852697266768,2.2773513032548536,1.2497288432018085,-0.8082909668557376,-37.95831233850575,-35.356491194852126,48.91571287232477
17.392165325548852,78.4830855046022,2025-03-07 06:32:07.051196480,200.0,0.0,433.4521009869483,Route,True,17.39215977332187,78.48293393638029,0.5898394169681325,16.101811379120974,1.4326852697266768,2.2773513032548536,1.3041546211446355,-0.8598936285634255,-2.14700047390318,14.684353704429544,16.112611216888432
17.391207182459162,78.48332684052693,2025-03-07 06:32:10.299071354,100.0,0.0,48.224697615984915,Route,True,17.392559919811248,78.48277090252468,-143.70770741773939,59.05993180909265,1.4326852697266768,2.2773513032548536,1.3543927255990433,-0.9155814446530157,-146.4947854130651,57.698161950490814,155.3704628188938
17.39339290447839,78.48255408979351,2025-03-07 06:32:13.546946228,200.0,0.0,126.30154049849828,Route,True,17.392925226312887,78.48262206304197,49.68367057376494,-7.221120705356539,1.4326852697266768,2.2773513032548536,1.4038260938810865,-0.9719848319652319,46.84715921015718,-8.526487176646162,50.205693959188785
17.391207182459162,78.48332684052693,2025-03-07 06:32:16.794821102,100.0,0.0,340.0632495463295,Route,True,17.393221606400417,78.48250130627558,-214.00181337398251,87.70042053847102,1.4326852697266768,2.2773513032548536,1.454808939995127,-1.0269916442898166,-216.88930758370435,86.45006087950598,231.27503083985854
17.393232246367248,78.48231441453058,2025-03-07 06:32:20.042695976,200.0,0.0,18.05035771254343,Route,False,17.393584155131787,78.48235358926355,-37.384937803609155,-4.161717761880787,1.4326852697266768,2.2773513032548536,1.5078451289833517,-1.0800214722888333,-40.32546820231918,-5.3590475928468075,37.615867254514804
17.39400711528169,78.48217970962209,2025-03-07 06:32:23.290570850,5.28718460759134,10.830042614257874,493.8333933411454,Route,False,17.3939805772519,78.48219207014446,2.819260822873183,-1.3131169415695962,1.4326852697266768,2.2773513032548536,1.5584982964299214,-1.1353320194532737,-0.1719227432834155,-2.455136225371176,3.110065544265051
17.39436066349444,78.48208277265415,2025-03-07 06:32:26.538445724,5.13941305438277,9.340912606098048,170.12568789225773,Route,False,17.394362627722998,78.48203640592847,-0.2086693198514051,4.925757271099418,1.4326852697266768,2.2773513032548536,1.6106388059105827,-1.1892427537378027,-3.2519933954886646,3.8376487215823674,4.930175207721937
17.39471077357368,78.48185726322822,2025-03-07 06:32:29.786320598,2.656558875098122,10.930731139882846,316.1373260456223,Route,False,17.394713320257026,78.48189351770154,-0.2705462554584554,-3.8514847223267425,1.4326852697266768,2.2773513032548536,1.6628329958993568,-1.2431015184044354,-3.3660645210844886,-4.88573450717716,3.8609752450202133
17.395042289359036,78.48182420218969,2025-03-07 06:32:33.034195472,5.3686448206504735,9.667515463526453,357.4930861918429,Route,False,17.394989760709436,78.48178088276003,5.580367686476137,4.60202855514482,1.4326852697266768,2.2773513032548536,1.7174748749490258,-1.2944752962869441,2.430207541800434,3.6191525481769102,7.233199177309813
17.395361130206023,78.48168397394144,2025-03-07 06:32:36.282070346,3.1260624245707054,9.488597415988657,24.551775081183223,Route,False,17.395333590639222,78.48164078964442,2.9256588516239526,4.587672774488645,1.4326852697266768,2.2773513032548536,1.7679676307023044,-1.3499323212381598,-0.2749940488050287,3.6602537924719516,5.441159913278595
17.39575612736556,78.48151784425642,2025-03-07 06:32:39.529945220,6.7914855257830835,9.608462688538138,361.687802501645,Route,False,17.39571611995367,78.48148492784475,4.250177193533556,3.496866593914091,1.4326852697266768,2.2773513032548536,1.8152774912370906,-1.4081283442653314,1.0022144325697884,2.627643634924569,5.503824320603367
17.396145196890192,78.4813525542,2025-03-07 06:32:42.777820094,9.53938486697918,11.294496326851094,47.31628902488427,Route,False,17.396100205315722,78.48132843132673,4.779668433365929,2.562687286325212,1.4326852697266768,2.2773513032548536,1.8622297027408403,-1.4666132981843278,1.4847534608984114,1.7519492812546864,5.4233381289024924
17.396397617010326,78.48124923042985,2025-03-07 06:32:46.025694968,3.0480986912998445,12.373845327679689,11.571151183560113,Route,False,17.396385530238803,78.48121217452788,1.2840350886681349,3.9366242890099783,1.4326852697266768,2.2773513032548536,1.9073118381487675,-1.526551608696565,-2.0559620192073096,3.1858245944516894,4.140743520402381
17.396778037497366,78.48108669785451,2025-03-07 06:32:49.273569842,7.689166661008969,10.363188737978998,435.4830479273394,Route,False,17.396774947078757,78.48105350443164,0.3283098323875284,3.5262948075652965,1.4326852697266768,2.2773513032548536,1.9527424844616639,-1.5862261960482384,-3.057117921800812,2.8351697003586818,3.5415452017310605
17.397173976229077,78.48090080418368,2025-03-07 06:32:52.521444716,9.58565838485207,12.28897303186541,19.983539096725234,Route,False,17.397121783592425,78.48091218331567,5.544671436511857,-1.2088591846116425,1.4326852697266768,2.2773513032548536,1.9993115121263456,-1.6450167196244583,2.112674654658835,-1.8411937682420376,5.67492042826068
17.397464893993508,78.48080654867671,2025-03-07 06:32:55.769319590,3.471202158449211,11.244615961973395,390.58250230283545,Route,False,17.39740017126687,78.48079875176755,6.87580234868026,0.8283026546605868,1.4326852697266768,2.2773513032548536,2.0500394140301235,-1.7002587323361684,3.39307766492346,0.2512100837419018,6.925513932253313
17.397723100422837,78.48020921787102,2025-03-07 06:32:59.017194464,200.0,0.0,58.85964329484988,Route,True,17.397717900410793,78.48066928973381,0.5524219527139991,-48.875616945517194,1.4326852697266768,2.2773513032548536,2.1043612549278476,-1.7519707967068965,-2.9846245719405253,-49.400997452065155,48.878738750286594
17.397762274291992,78.48097970310727,2025-03-07 06:33:02.265069338,200.0,0.0,57.57811362680209,Route,True,17.398030661170658,78.4805418516466,-28.512011570291456,46.5150381957033,1.4326852697266768,2.2773513032548536,2.154413458845662,-1.8078257596284633,-32.09911029886379,46.04551265207691,54.55807531550367
17.398575159085205,78.48018246421758,2025-03-07 06:33:05.512944212,200.0,0.0,98.07996299354332,Route,True,17.398363578995294,78.48040619980962,22.477156862368858,-23.76849352952811,1.4326852697266768,2.2773513032548536,2.208852051039733,-1.8594149026716227,18.835619541602448,-24.18642993011134,32.71335912557368
17.397464893993508,78.48080654867671,2025-03-07 06:33:08.760819086,100.0,0.0,63.56695820443575,Route,True,17.398736413009495,78.48025428295692,-135.0794982069107,58.669807818982875,1.4326852697266768,2.2773513032548536,2.2628189229659847,-1.9114973059811426,-138.77500239960335,58.303953821709165,147.27055776816755
17.397464893993508,78.48080654867671,2025-03-07 06:33:12.008693960,100.0,0.0,220.30855833226622,Route,True,17.399142765952675,78.48008870755315,-178.2482994356618,76.25966858822537,1.4326852697266768,2.2773513032548536,2.315823867329971,-1.96455836395185,-181.99680857271846,75.94687564892237,193.8762319235943
17.399675444908816,78.47957471901293,2025-03-07 06:33:15.256568834,200.0,0.0,77.4383398349584,Route,True,17.39948886934589,78.47994768122304,19.82080731830105,-39.62154522145224,1.4326852697266768,2.2773513032548536,2.3735548939082087,-2.012434543521891,16.014567154666164,-39.8864619811852,44.302722811186236
17.40026544886128,78.4797949463997,2025-03-07 06:33:18.504443708,200.0,0.0,480.88433537721505,Route,False,17.39980788826065,78.47981769046223,48.60883365094875,-2.4162096779660445,1.4326852697266768,2.2773513032548536,2.428428323138161,-2.0635609238411097,44.747720058083914,-2.6300000573797884,48.66884812807372
17.40007804525183,78.47971050809622,2025-03-07 06:33:21.752318582,2.906369139527508,12.35366000020741,336.2832805544434,Route,False,17.4000851930361,78.4797046965794,-0.7593430381542229,0.6173850051221178,1.4326852697266768,2.2773513032548536,2.4850985975908344,-2.1126881056599225,-4.677126905471734,0.4527218075271868,0.9786552478492736
17.400481981801843,78.4795746846026,2025-03-07 06:33:25.000193456,9.987587172138927,11.65412454631171,306.86970076008794,Route,False,17.400430155519928,78.47956413357589,5.505751834838028,1.1208856300940575,1.4326852697266768,2.2773513032548536,2.53682802452612,-2.1669934128494313,1.5362385405852312,1.0105277396886354,5.618690938517055
17.40081613877176,78.47948038490436,2025-03-07 06:33:28.248068330,3.92083470518996,11.116243382318002,240.56570522863834,Route,False,17.40074985180749,78.4794338653619,7.04197873442322,4.941991724104017,1.4326852697266768,2.2773513032548536,2.5914899758205774,-2.2183458332469392,3.0178034888759657,4.882986254096103,8.603066121865009
17.40122400639119,78.47925462353162,2025-03-07 06:33:31.495943204,6.741361901354308,11.39649550782159,353.92449944856645,Route,False,17.401143089178646,78.47927363033448,8.596219426665009,-2.0191828524494637,1.4326852697266768,2.2773513032548536,2.6474454915140395,-2.268285599600805,4.5160886654242915,-2.0282485561035126,8.83018050908354
17.401538357485254,78.47911276811024,2025-03-07 06:33:34.743818078,7.769328669177261,12.012036193674344,24.813437361869028,Route,False,17.4014960386292,78.47912981105787,4.495732874083971,-1.8105531934364663,1.4326852697266768,2.2773513032548536,2.702515783773397,-2.3191998698054244,0.36053182058389677,-1.7687046268858955,4.8466191248521175
17.401887570713015,78.47904676720802,2025-03-07 06:33:37.991692952,2.636774530851502,11.570216365741652,423.7026773633317,Route,False,17.401803612858266,78.47900448071417,8.919241275273878,4.492294884856424,1.4326852697266768,2.2773513032548536,2.7576188945974285,-2.3700786195690973,4.728937110949772,4.585022201170668,9.986670028545872
17.402196169827224,78.47889940007755,2025-03-07 06:33:41.239567826,9.425419105845556,11.189204486707139,295.80192509478815,Route,False,17.402117101819947,78.47887673976861,8.399769577030217,2.407312138777336,1.4326852697266768,2.2773513032548536,2.8104963132377367,-2.423266762965324,4.156587994065803,2.5532275984878066,8.737921988705729
17.402555946940808,78.47871040445082,2025-03-07 06:33:44.487442700,5.750402045537636,12.346327182305423,277.8509394227407,Route,False,17.40247234541417,78.47873198401635,8.881386849565281,-2.2924996362873618,1.4326852697266768,2.2773513032548536,2.8635088825310064,-2.4763202029756215,4.585192697307598,-2.0935307365665934,9.172490771541217
17.402555562773056,78.47900282816074,2025-03-07 06:33:47.735317574,200.0,0.0,272.7518100723851,Route,True,17.402832993716352,78.47858502531805,-29.47280546824177,44.38517838164336,1.4326852697266768,2.2773513032548536,2.9115113151270124,-2.533946294851315,-33.81700205309546,44.64177337323982,53.27936112735515
17.403524099320908,78.4780269251231,2025-03-07 06:33:50.983192448,200.0,0.0,190.3608421957304,Route,True,17.403144678867097,78.47845801785404,40.307635092873824,-45.79702626733548,1.4326852697266768,2.2773513032548536,2.95460010628369,-2.5953332321967815,35.920349716863456,-45.47904433839356,61.00879495377113
17.402555946940808,78.47871040445082,2025-03-07 06:33:54.231067322,100.0,0.0,456.025091145964,Route,True,17.40347508762019,78.47832338026859,-97.64467553495669,41.11541524148549,1.4326852697266768,2.2773513032548536,2.994765958074959,-2.6586712488209376,-102.07212676275832,41.49673518705158,105.9479118756323
17.403611652485043,78.47843413318262,2025-03-07 06:33:57.478942196,200.0,0.0,202.93993761968977,Route,False,17.403768666255992,78.47820375007085,-16.680317891211246,24.4746910909315,1.4326852697266768,2.2773513032548536,3.04052711133241,-2.718092767251116,-21.153530272270334,24.915432554927765,29.618296861034796
17.40422371025102,78.47801012630813,2025-03-07 06:34:00.726817070,4.081827265510184,14.371312933353483,125.4107072516984,Route,False,17.404163831143524,78.47804272390084,6.361241705288356,-3.4629969445061044,1.4326852697266768,2.2773513032548536,3.084395963359516,-2.7789246981905813,1.8441604722021632,-2.9614235495703767,7.242771836165939
17.404598712685562,78.47789136533054,2025-03-07 06:34:03.974691944,4.427012858120214,16.14436596755396,179.92892747998556,Route,False,17.404528109750164,78.47789428294936,7.500484826233029,-0.30995249285062354,1.4326852697266768,2.2773513032548536,3.1221202024330523,-2.843746621845489,2.9456793540732993,0.2564428257400122,7.50688638360647
17.404909504982957,78.47778083235454,2025-03-07 06:34:07.222566818,4.544249919755308,16.503563779294243,72.17691276230337,Route,False,17.404897758652375,78.4777436529899,1.2478684321990703,3.9497403154998985,1.4326852697266768,2.2773513032548536,3.1591674558922325,-2.9089578249560843,-3.3439842934198385,4.58134683720113,4.142176261817476
17.40527442402924,78.47759843413081,2025-03-07 06:34:10.470441692,5.422849663311932,14.691677091149423,267.2053966113748,Route,False,17.40522920643479,78.47760858922364,4.803679607846659,-1.078823695076136,1.4326852697266768,2.2773513032548536,3.1907969707652404,-2.9769620438612243,0.1801973673547414,-0.3792129544697655,4.923332036324542
17.40557520707896,78.47748102165399,2025-03-07 06:34:13.718316566,7.333046537370305,14.508911192174718,434.7541150308405,Route,False,17.40551553557031,78.47749191071533,6.339187495198585,-1.1567966532636682,1.4326852697266768,2.2773513032548536,3.2244116584340814,-3.0440071985923924,1.6820905670378266,-0.3901407579261291,6.44387124299393
17.405923801310447,78.47737216454634,2025-03-07 06:34:16.966191440,3.017328492988801,13.7224963516034,14.636979562772435,Route,False,17.40583863458414,78.4773602480901,9.047665437376626,1.2659416893147621,1.4326852697266768,2.2773513032548536,3.256474718233421,-3.1118080849900194,4.358505449416527,2.100398471049928,9.135800907826564
17.405923801310447,78.47737216454634,2025-03-07 06:34:20.214066314,100.0,0.0,139.63796709286103,Route,True,17.406184159625596,78.47721944632106,-27.659099173627574,16.223981693167303,1.4326852697266768,2.2773513032548536,3.28789539589497,-3.179909046916332,-32.37967983924922,17.126539436828782,32.066233783791844
17.405923801310447,78.47737216454634,2025-03-07 06:34:23.461941188,100.0,0.0,321.3744229883114,Route,True,17.406535654516134,78.47707621124553,-65.00006917813536,31.44052339211247,1.4326852697266768,2.2773513032548536,3.3202596221990914,-3.2475666913900763,-69.75301407006113,32.4107387802477,72.20467785630204
17.405923801310447,78.47737216454634,2025-03-07 06:34:26.709816062,100.0,0.0,273.79863470509315,Route,True,17.406921163220257,78.47691911477354,-105.95448798958394,48.129627007788386,1.4326852697266768,2.2773513032548536,3.3484558264161146,-3.317064706237638,-110.73562908572674,49.16934041077117,116.37359890045389
17.405923801310447,78.47737216454634,2025-03-07 06:34:29.957690936,100.0,0.0,337.44210856291556,Route,True,17.40727837092926,78.47677355044158,-143.9023578058215,63.593616669444096,1.4326852697266768,2.2773513032548536,3.378301887272407,-3.3858703212073658,-148.7133449628206,64.7021356873966,157.32780003284503
17.40755752541311,78.47624526107211,2025-03-07 06:34:33.205565810,200.0,0.0,94.36354705389172,Route,True,17.407612335785775,78.47663745715926,-5.822765953794253,-41.66485124011726,1.4326852697266768,2.2773513032548536,3.4076708366172532,-3.454880934988,-10.663122060138182,-40.48732160838411,42.069756740606024
17.408251370235007,78.47664092326436,2025-03-07 06:34:36.453440684,200.0,0.0,82.09248689131977,Route,True,17.407918695793292,78.47651261259584,35.341584426493085,13.63105112863835,1.4326852697266768,2.2773513032548536,3.4346709787353147,-3.524852302886624,30.474228178031098,14.878552128270119,37.879191446577785
17.405923801310447,78.47737216454634,2025-03-07 06:34:39.701315558,100.0,0.0,156.27797754582923,Route,True,17.408313033354666,78.47635191570059,-253.8194565518091,108.38587578879742,1.4326852697266768,2.2773513032548536,3.4606956840299152,-3.5951922965909824,-258.71283750556574,109.70371678213357,275.99241763997856
17.405923801310447,78.47737216454634,2025-03-07 06:34:42.949190432,100.0,0.0,435.14799283739904,Route,False,17.408719550836334,78.47618625457318,-297.00573748481787,125.98484338722236,1.4326852697266768,2.2773513032548536,3.4796122042738524,-3.667767535218635,-301.9180349588184,127.37525961918614,322.6214327384396
17.409101065779424,78.4759914351958,2025-03-07 06:34:46.197065306,8.78795343276249,9.620856679801307,231.5369683904105,Route,False,17.40906834026897,78.47604411773595,3.4765862522514475,-5.5967162104942805,1.4326852697266768,2.2773513032548536,3.4963004855778683,-3.740887308653172,-1.4523995030530976,-4.133180205095961,6.588617784494197
17.409427491636215,78.47586951137559,2025-03-07 06:34:49.444940180,3.8139299573950542,10.620992411105405,84.17789082189492,Route,False,17.40937836070398,78.47591777934466,5.219412049516932,-5.127735376267261,1.4326852697266768,2.2773513032548536,3.51203770000315,-3.814217657637291,0.274689079787105,-3.5908690218848247,7.316825283664035
17.40972949405517,78.47576293871666,2025-03-07 06:34:52.692815054,6.704550295023106,8.639493305872563,148.23573886027935,Route,False,17.409681649398088,78.4757941838009,5.08276493657238,-3.3193135521844654,1.4326852697266768,2.2773513032548536,3.5312216449162324,-3.886722666137199,0.1188580219294701,-1.7099421893021196,6.070612972193589
17.410131364805256,78.47558812832924,2025-03-07 06:34:55.940689928,7.517283606298836,7.6525733067765,64.50181954168072,Route,False,17.410047101027953,78.47564525517109,8.951740879842893,-6.068855467752181,1.4326852697266768,2.2773513032548536,3.555688064520587,-3.957619734565616,3.963367545595628,-4.388587036441419,10.815020641141464
17.4104397772699,78.47546322717163,2025-03-07 06:34:59.188564802,8.721317037464885,7.569863324787347,124.19451589167491,Route,False,17.410425016924272,78.47549124643722,1.568061551500601,-2.97661953052146,1.4326852697266768,2.2773513032548536,3.578896925989926,-4.028938376934193,-3.443520644216002,-1.22503245684212,3.364384172293091
17.410840466891276,78.47529403049066,2025-03-07 06:35:02.436439676,9.295431774627271,8.520942711416975,71.97058117186711,Route,False,17.410797963409085,78.47533926217116,4.515346584935653,-4.805176036206256,1.4326852697266768,2.2773513032548536,3.6045381369450813,-4.0994190714593834,-0.5218768217361056,-2.983108268001725,6.593790375877969
17.41114688701571,78.47516805496066,2025-03-07 06:35:05.684314550,4.1202828622380645,7.882431794451057,399.2445999588265,Route,False,17.411125551898838,78.47520576177727,2.2665306970254315,-4.005774041750673,1.4326852697266768,2.2773513032548536,3.626553761242458,-4.1711150426627706,-2.792708333943703,-2.112010302342756,4.602541371255897
17.411523224923933,78.4749926891708,2025-03-07 06:35:08.932189424,6.201536938756692,8.457908388616731,360.5049441023582,Route,False,17.411488222977457,78.4750579637638,3.7184228522368263,-6.934429731917943,1.4326852697266768,2.2773513032548536,3.6449062819317968,-4.243834950420877,-1.359168699421647,-4.967946084751921,7.868480426038094
17.411843440393362,78.4748895831627,2025-03-07 06:35:12.180064298,4.011326333202666,7.910697494790067,102.27801487012611,Route,False,17.411822507847724,78.47492173331658,2.2237636444784594,-3.415463393418752,1.4326852697266768,2.2773513032548536,3.663285142935213,-4.316548205527612,-2.872206768183431,-1.376266491145994,4.075599948263772
17.412211898995427,78.47477684365408,2025-03-07 06:35:15.427939172,7.202377778980103,8.11947570421324,380.0737932425887,Route,False,17.412119122882213,78.47480085393126,9.856046713263567,-2.550725668137887,1.4326852697266768,2.2773513032548536,3.6861521291115116,-4.387977197843148,4.737209314425378,-0.4400997735495923,10.180759217667955
17.41248998576192,78.47465364443327,2025-03-07 06:35:18.675814046,8.51204030409322,8.77064525255125,471.6874069363471,Route,False,17.412461842542275,78.47466118502619,2.9897877573821536,-0.8010729637924369,1.4326852697266768,2.2773513032548536,3.7109641157794058,-4.4587540677767095,-2.153861628123929,1.3803298007294194,3.0952461497450257
17.412846175129026,78.47449121288696,2025-03-07 06:35:21.923688920,7.238221322587838,7.625603017799806,226.76701291237083,Route,False,17.4128394324593,78.47450730475761,0.7163057977141881,-1.7095157718966458,1.4326852697266768,2.2773513032548536,3.735343266308813,-4.529681192485558,-4.451722738321302,0.5428141173340587,1.8535204801140839
17.413270487727615,78.47435619425417,2025-03-07 06:35:25.171563794,5.939020950050141,8.348088534080802,449.11591705298395,Route,False,17.413176562872117,78.47436991248223,9.97808305698136,-1.4573524590970985,1.4326852697266768,2.2773513032548536,3.7617285125764153,-4.599886739128241,4.783669274678268,0.8651829767762889,10.083948516432184
17.41349065841493,78.47421470537074,2025-03-07 06:35:28.419438668,3.6739646431822797,7.20845125451873,308.29315735506003,Route,False,17.41345572196658,78.47425614510335,3.7114646754581413,-4.402339419860231,1.4326852697266768,2.2773513032548536,3.789807986714559,-4.669431998723165,-1.5110285809830946,-2.0102587243919183,5.758086696536352
17.41385029306572,78.47411821687233,2025-03-07 06:35:31.667313542,3.401052281265742,7.853029103737947,175.66428934709649,Route,False,17.413800773804475,78.47411552354652,5.260666082616197,0.2861247794320287,1.4326852697266768,2.2773513032548536,3.8156996538628656,-4.7398210715419005,0.012281159026654517,2.748594547719076,5.268441422488578
17.414199827750508,78.47392813889094,2025-03-07 06:35:34.915188416,3.4693140109761256,6.921549501588003,425.3692609203361,Route,False,17.41416276531349,78.4739679978251,3.9373185397071575,-4.234403699651429,1.4326852697266768,2.2773513032548536,3.842886072169049,-4.809720275111622,-1.3382528021885685,-1.7020347277946604,5.782097541095568
17.41458592203635,78.47380483441005,2025-03-07 06:35:38.163063290,5.046174172467952,7.173819717411957,90.37439652642965,Route,False,17.414530595960592,78.4738180917817,5.877551540142864,-1.408393494533565,1.4326852697266768,2.2773513032548536,3.869075961192817,-4.879998932703544,0.5757903092233702,1.194254134915126,6.043937817555722
17.41483507264716,78.47367988731571,2025-03-07 06:35:41.410938164,8.92012551471636,7.823443722737834,269.5405827434548,Route,False,17.414831389403297,78.47369550565622,0.3912884720662408,-1.6592104199068514,1.4326852697266768,2.2773513032548536,3.8977520542266753,-4.949300315722309,-4.939148851887111,1.0127385925606038,1.704724577724919
17.41518161245035,78.47351116913303,2025-03-07 06:35:44.658813038,4.50777098088397,7.980424945512424,431.9908795268507,Route,False,17.415155681245825,78.47356334244749,2.7547948959071697,-5.5426187487060625,1.4326852697266768,2.2773513032548536,3.925484923308977,-5.0189845174646255,-2.6033752971284843,-2.8009855344962915,6.189468273771516
17.415508263178555,78.47337174615184,2025-03-07 06:35:47.906687912,5.144999420115276,8.309230296134595,202.87882302148697,Route,False,17.415478927570557,78.47343160483045,3.1164608300475156,-6.359071448549159,1.4326852697266768,2.2773513032548536,3.9508930743099584,-5.089549564497213,-2.267117513989119,-3.5468731873067996,7.081674787292449
17.415876465934076,78.47328904480796,2025-03-07 06:35:51.154562786,9.198743866731533,8.242887483215917,381.45884868784833,Route,False,17.41583941991642,78.4732846871716,3.9355742323919474,0.4629323873250866,1.4326852697266768,2.2773513032548536,3.971890243095379,-5.161550390207733,-1.4690012804301087,3.3471314742779654,3.962707525657422
17.416255294089737,78.47307480278425,2025-03-07 06:35:54.402437660,3.4428221104933825,7.930650036025558,41.334114329943716,Route,False,17.41618053444265,78.4731456663134,7.94207203185827,-7.528168937162377,1.4326852697266768,2.2773513032548536,3.9902370652209203,-5.2342717358903705,2.5191496969106733,-4.57124850452686,10.943026807318068
17.416561415505708,78.47296731567828,2025-03-07 06:35:57.650312534,3.20350061957874,5.104314864873515,78.3262171735818,Route,False,17.416510884893476,78.473011031809,5.368106696534774,-4.6441719921961715,1.4326852697266768,2.2773513032548536,4.015089062984177,-5.30503456657976,-0.07966763617607929,-1.616488728871264,7.098232385494352
17.4169623433214,78.4727979706913,2025-03-07 06:36:00.898187408,5.3325643755007714,5.061668010497621,261.2908458904359,Route,False,17.416868602780696,78.47286524310141,9.958502421883521,-7.146667321315729,1.4326852697266768,2.2773513032548536,4.0419959137275105,-5.375041861793016,4.483821238429333,-4.048976762777565,12.257512973202275
17.41725660403231,78.47272049612505,2025-03-07 06:36:04.146062282,9.843426006513827,4.859735286205553,244.2302463770226,Route,False,17.417185986506603,78.47273589215241,7.502034824016752,-1.6355930387137059,1.4326852697266768,2.2773513032548536,4.063103708761945,-5.447010333978997,2.0062458455281296,1.5340659920104374,7.678260941713872
17.417550933108416,78.47261272685151,2025-03-07 06:36:07.393937156,4.303893686360775,4.811375732407479,237.87850981048587,Route,False,17.41751753598742,78.47260076737975,3.547934626817966,1.2705114301704556,1.4326852697266768,2.2773513032548536,4.090414329990612,-5.51686110325253,-1.9751649728993224,4.510021230168132,3.7685593282271297
17.417903123344125,78.47240708061437,2025-03-07 06:36:10.641812030,8.434043940169513,4.7717947647475665,81.22733124467668,Route,False,17.417808183697886,78.47248231190676,10.08588909220167,-7.992177150800159,1.4326852697266768,2.2773513032548536,4.120957906366516,-5.585359934937232,4.532245916108478,-4.684168519117781,12.86856846700381
17.41826993664199,78.4722616479849,2025-03-07 06:36:13.889686904,6.84348311838,5.249037339554856,1.9607987981763997,Route,False,17.418171971466354,78.47233404713268,10.407305435908697,-7.691304990782051,1.4326852697266768,2.2773513032548536,4.150256228419652,-5.654400563011365,4.824363937762368,-4.31425573102554,12.940949690711404
17.41849715624028,78.47217598193215,2025-03-07 06:36:17.137561778,7.172518299915151,5.3245396524541455,239.22186567264754,Route,False,17.418464732917798,78.47221472926768,3.4444833904284304,-4.116313302799044,1.4326852697266768,2.2773513032548536,4.186065924091766,-5.720299468130271,-2.1742678033900122,-0.6733651379236267,5.367355124615634
17.4188063689588,78.47206588807138,2025-03-07 06:36:20.385436652,8.087911660994038,5.276483888750049,281.1994586062612,Route,False,17.418753021100773,78.4720972341253,5.6673960845464935,-3.3300400398993064,1.4326852697266768,2.2773513032548536,4.22109549526526,-5.786616352431339,0.013615319554556408,0.17922500927717852,6.573320701629086
17.419223094954194,78.4718726956516,2025-03-07 06:36:23.633311526,5.283813699609762,5.743237526072631,478.2931145898751,Route,False,17.41913620244236,78.47194106357992,9.231003822120321,-7.2630494200319555,1.4326852697266768,2.2773513032548536,4.253142638603246,-5.854424763442617,3.545175913790398,-3.6859759598441917,11.74577874990954
17.419525111894544,78.47180819946885,2025-03-07 06:36:26.881186400,5.18501653157357,5.625321040659217,486.281042469689,Route,False,17.419482879823942,78.47179977008817,4.486513244104147,0.8954931055281588,1.4326852697266768,2.2773513032548536,4.280772496044605,-5.924149873537692,-1.2269445216671357,4.542291675810997,4.575009179397391
17.419525111894544,78.47180819946885,2025-03-07 06:36:30.129061274,100.0,0.0,287.24257261385577,Route,True,17.41987023048841,78.47164189891777,-36.66358575470705,17.666896609364446,1.4326852697266768,2.2773513032548536,4.3029442617929305,-5.995797712329949,-42.39921528622666,21.385343018439546,40.69812964005509
17.419525111894544,78.47180819946885,2025-03-07 06:36:33.376936148,100.0,0.0,371.25425186461956,Route,True,17.42015572898772,78.47152553881493,-66.99344597751717,30.028382442342572,1.4326852697266768,2.2773513032548536,4.3317839557967055,-6.065031172808021,-72.75791520304055,33.816062311895735,73.41543132098386
17.419525111894544,78.47180819946885,2025-03-07 06:36:36.624811022,100.0,0.0,188.01766304542173,Route,True,17.42054031667818,78.47136879249808,-107.85002113762361,46.68028741526906,1.4326852697266768,2.2773513032548536,4.366285039661408,-6.131624529925384,-113.6489914470117,50.5345606419396,117.51883377807145
17.42105704947364,78.47085559908363,2025-03-07 06:36:39.872685896,200.0,0.0,398.20538567552046,Route,False,17.420890583464853,78.47122603372281,17.68447396588425,-39.353029368224945,1.4326852697266768,2.2773513032548536,4.401450087742411,-6.197869676113319,11.850338608415163,-35.43251099536648,43.14396296014557
17.421198757071775,78.47107416602252,2025-03-07 06:36:43.120560770,6.660270995836459,8.558937368850733,227.31568165944967,Route,False,17.421181866953972,78.4711073144087,1.7943173546585636,-3.5215103478360805,1.4326852697266768,2.2773513032548536,4.4388683832596865,-6.2628686850333155,-4.0772362983278,0.4640070339423816,3.9522917274848903
17.421627224099907,78.47091861823073,2025-03-07 06:36:46.368435644,4.552140002382416,7.874835450099223,294.6497320532217,Route,False,17.421590031624824,78.47094095679086,3.951133100052671,-2.3731312365979393,1.4326852697266768,2.2773513032548536,4.469658016913372,-6.3312572693107505,-1.9512101865873777,1.6807747294579574,4.609035109483187
17.421997984517727,78.47074996692524,2025-03-07 06:36:49.616310518,9.647970892935366,8.146452545015128,7.914219605938633,Route,False,17.421975686710148,78.47078377277344,2.3688018983427845,-3.591355657456428,1.4326852697266768,2.2773513032548536,4.4963152413992304,-6.401359996666471,-3.560198612783123,0.5326530359551895,4.302215463216211
17.42238910318256,78.47055386307817,2025-03-07 06:36:52.864185392,4.4654577760959775,8.995004916999829,30.219389785312966,Route,False,17.42234959255138,78.47063137678938,4.197401821124592,-8.234649332078053,1.4326852697266768,2.2773513032548536,4.527435888803326,-6.469598587692005,-1.7627193374054115,-4.042402047640903,9.242706944952522
17.422774958567004,78.47045777554061,2025-03-07 06:36:56.112060266,3.0690528270610513,9.10520804674211,23.92164673622732,Route,False,17.422699542398085,78.47048874414239,8.011817460981437,-3.289941508489007,1.4326852697266768,2.2773513032548536,4.5585854047071495,-6.537824005675022,2.020546786547611,0.9705311939311614,8.661000759575417
17.42314542821779,78.47024798885731,2025-03-07 06:36:59.359935140,5.483797981861533,9.074901494796375,103.33115056429921,Route,False,17.423078124515868,78.47033444088487,7.149991599511464,-9.184209088374594,1.4326852697266768,2.2773513032548536,4.585199104063293,-6.607943268410597,1.132107225721494,-4.85361712321885,11.639247245937641
17.423456282135962,78.4701493243579,2025-03-07 06:37:02.607810014,8.333973719525709,14.454406315032392,136.04594214130566,Route,False,17.423381722990737,78.47021069910764,7.920771767693069,-6.520130877903687,1.4326852697266768,2.2773513032548536,4.615107899800134,-6.676721636649252,1.8729785981662586,-2.120760544509289,10.259177942743595
17.423811678546702,78.47000504952027,2025-03-07 06:37:05.855684888,8.635446846371803,15.85441316351721,184.14915326929943,Route,False,17.423736027961098,78.47006628963325,8.03672065778947,-6.5058277769554405,1.4326852697266768,2.2773513032548536,4.642390986348506,-6.746583165321291,1.9616444017142876,-2.0365959148890025,10.339955222086068
17.424170383785373,78.46984569567104,2025-03-07 06:37:09.103559762,8.360970628592318,14.954223202446137,228.05970112241465,Route,False,17.424131735171528,78.4699050045047,4.105825629717565,-6.300658810379322,1.4326852697266768,2.2773513032548536,4.669363387985689,-6.816565231237656,-1.9962230279948012,-1.7614448823965199,7.520379348573861
17.424547779640076,78.46971430959982,2025-03-07 06:37:12.351434636,7.301345984002782,16.58519525575,258.7800036728001,Route,False,17.42452924387423,78.46974298435059,1.969142355113974,-3.0462548316480182,1.4326852697266768,2.2773513032548536,4.693233832443462,-6.887665174144725,-4.156776747056164,1.5640590392418523,3.627284123699535
17.42489592054318,78.46952469515504,2025-03-07 06:37:15.599309510,4.616938599968235,15.468508234882393,435.2267343224181,Route,False,17.424878100994203,78.46960079341208,1.893055238367868,-8.084278918639772,1.4326852697266768,2.2773513032548536,4.720332062892322,-6.957598613260361,-4.259962094251131,-3.4040316086342637,8.302964757836532
17.425292424154502,78.46942956311351,2025-03-07 06:37:18.847184384,7.620473223422684,17.288993328386976,287.14430300692294,Route,False,17.425216782064005,78.46946274957462,8.035818182138595,-3.525555227089568,1.4326852697266768,2.2773513032548536,4.7426897889379775,-7.029188641099909,1.8604431234739394,1.2262821107554873,8.775187377808397
17.42561766988874,78.46928622336166,2025-03-07 06:37:22.095059258,7.536149760525096,15.406160516256827,320.27073320997977,Route,False,17.425525080772704,78.46933708887343,9.83618111588116,-5.403684664896674,1.4326852697266768,2.2773513032548536,4.759280235100031,-7.102330674816124,3.6442156110544532,-0.5787052933354034,11.22275665342774
17.425963197757774,78.46919673239755,2025-03-07 06:37:25.342934132,6.356949663012701,15.746358786459362,387.5837610799273,Route,False,17.42586990378993,78.46919654054119,9.91106086797112,0.020381811290379977,1.4326852697266768,2.2773513032548536,4.780943457846183,-7.174133911374448,3.6974321403982593,4.917164419409975,9.91108182525298
17.426283049146154,78.4690329162212,2025-03-07 06:37:28.590809006,2.952565124519264,16.693787368330195,320.239810805742,Route,False,17.42623333258461,78.4690484079534,5.281626229543624,-1.6457602176873205,1.4326852697266768,2.2773513032548536,4.804595487118091,-7.245306810088221,-0.955654527301143,3.3221952891460464,5.532097461426852
17.426651569879056,78.46886094556311,2025-03-07 06:37:31.838683880,2.759008248710428,16.989401715790077,202.31537055291506,Route,False,17.42659101277069,78.46890261785333,6.433268954681862,-4.427045119077795,1.4326852697266768,2.2773513032548536,4.822547587395188,-7.318126602010754,0.1780360975599969,0.6137301796781035,7.80933274547986
17.42691481827222,78.46876805322724,2025-03-07 06:37:35.086558754,9.443190313501107,6.616098436931147,82.20976496809246,Route,False,17.426898648230416,78.46877722542725,1.7178202647177387,-0.9744063280400718,1.4326852697266768,2.2773513032548536,4.846931913162033,-7.38905194767009,-4.561796918170971,4.137294316375165,1.9749364936623806
17.42728580244106,78.4685917436851,2025-03-07 06:37:38.334433628,3.6415496922354347,6.171109624557082,199.53916097062935,Route,False,17.4272685075731,78.46862646986872,1.8373158845321087,-3.689127256641472,1.4326852697266768,2.2773513032548536,4.871218459655403,-7.460010834776817,-4.466587844849972,1.493532274880492,4.1213334705225
17.42774940171358,78.46853611396905,2025-03-07 06:37:41.582308502,5.015783764826851,6.674387467195001,433.8140354133371,Route,False,17.42768564604163,78.46857858245355,6.773067540836732,-4.511628613597864,1.4326852697266768,2.2773513032548536,4.890181376419716,-7.532573964448778,0.4502008946903395,0.7435940475960615,8.138134716246169
17.428017842554066,78.46859643484981,2025-03-07 06:37:44.830183376,9.977085295981054,7.037460217885305,160.3227138533977,Route,False,17.427995220964615,78.46862851916322,2.4031987826241896,-3.4084688476189102,1.4326852697266768,2.2773513032548536,4.906451820126297,-7.605787847432752,-3.9359383072287843,1.9199676965589876,4.170494487946839
17.4283717720366,78.46876651370987,2025-03-07 06:37:48.078058250,8.904735469523924,7.060542925832727,234.67682910053006,Route,False,17.42832966424874,78.46878275345462,4.4733100987925445,-1.7252251406535102,1.4326852697266768,2.2773513032548536,4.917020446293523,-7.6800394746266205,-1.8763956172276552,3.677463030718257,4.794466083507348
17.428657865604833,78.46894899989047,2025-03-07 06:37:51.325933124,7.956867400463885,6.865050483419805,370.32912828489793,Route,False,17.428607043898456,78.46901608049971,5.399031008634566,-7.126291406197175,1.4326852697266768,2.2773513032548536,4.931427528879128,-7.75364270805676,-0.9650817899712394,-1.6500000013952687,8.940557311389334
17.428934260242883,78.46928957950057,2025-03-07 06:37:54.573807998,8.41752388852153,6.998525573990656,385.92494704083947,Route,False,17.42883832903347,78.46934668375083,10.19122755251388,-6.066455455690878,1.4326852697266768,2.2773513032548536,4.945883108467079,-7.827236432101521,3.8126591743201237,-0.516570326844211,11.860143372784313
17.429063308081748,78.46966385812902,2025-03-07 06:37:57.821682872,8.883855502758873,6.83770116497292,279.7711236709797,Route,False,17.428974622194225,78.46971401299321,9.421522630914556,-5.328189198902734,1.4326852697266768,2.2773513032548536,4.963659783784346,-7.900099247135422,3.025177577403533,0.2945587449778357,10.823801957913814
17.429087227004906,78.4700639344689,2025-03-07 06:38:01.069557746,8.48266658783266,6.569571079710331,496.99680767830154,Route,False,17.429014466328148,78.47009529165909,7.729711928753014,-3.331223100335692,1.4326852697266768,2.2773513032548536,4.982352189610845,-7.972732531271674,1.3146744694154922,2.364158127681129,8.41697652638504
17.429040157113853,78.47031440509267,2025-03-07 06:38:04.317432620,8.366625248047246,7.295620203382593,402.3285319402321,Route,False,17.42896857267201,78.470407840867,7.604754912773316,-9.926125644290556,1.4326852697266768,2.2773513032548536,4.996575806943543,-8.046371438854372,1.1754938361030969,-4.157105508691039,12.504409925685918
17.42893503177234,78.47063184227139,2025-03-07 06:38:07.565307494,9.643507439833872,8.512040462795238,321.7495668957022,Route,False,17.428895852965603,78.47072441950958,4.162150536378909,-9.834919277770744,1.4326852697266768,2.2773513032548536,5.014384067407609,-8.11922654066093,-2.2849188007553773,-3.993044040364668,10.679378927996977
17.428846990669342,78.4710313021234,2025-03-07 06:38:10.813182368,7.888570498445384,7.644950596887584,272.222956798342,Route,False,17.42881522872487,78.47107540711033,3.37422206606754,-4.68548203426176,1.4326852697266768,2.2773513032548536,5.038976993147937,-8.190079825719074,-3.0974401968070744,1.2272464882024616,5.77400350229603
17.428819037138958,78.47136657551029,2025-03-07 06:38:14.061057242,8.163544038342378,7.5933946858796775,178.83165975974003,Route,False,17.42873870819963,78.47140852686235,8.533724371417419,-4.456691183000651,1.4326852697266768,2.2773513032548536,5.069545572818624,-8.258567502982338,2.0314935288721183,1.5245250167268343,9.627385312116647
17.42875140703819,78.4717646168974,2025-03-07 06:38:17.308932116,6.649733673184902,8.792555335532908,386.6006479356399,Route,False,17.428651497720892,78.47178818050573,10.613840829026831,-2.5032739174478804,1.4326852697266768,2.2773513032548536,5.104087896141391,-8.325139478313293,4.077067663158762,3.5445142576105604,10.905044587239972
17.428644668916764,78.47212248167952,2025-03-07 06:38:20.556806990,9.58773721729209,7.790237791826229,382.7495465189666,Route,False,17.42857019984905,78.47214209152477,7.911202405687597,-2.0832469081215907,1.4326852697266768,2.2773513032548536,5.13485445139451,-8.393538448172912,1.3436626845664092,4.032940236796467,8.180894888944325
17.42853104362963,78.47250055534643,2025-03-07 06:38:23.804681864,3.986961370578185,8.706827212853014,461.8140992243405,Route,False,17.42847378674285,78.47256179948987,6.08267075667028,-6.506255951131783,1.4326852697266768,2.2773513032548536,5.160501173476795,-8.464017137479921,-0.5105156865331919,-0.3195901169067134,8.906753057971773
17.4284407136305,78.47295879691664,2025-03-07 06:38:27.052556738,5.003596802584842,9.017246587109847,312.2846595999339,Route,False,17.4283733353664,78.4729990824822,7.157912693816803,-4.279726778301933,1.4326852697266768,2.2773513032548536,5.189672271687617,-8.533111616486385,0.5355551524025086,1.9760335349295977,8.339770706033732
17.428307265626028,78.4733343048912,2025-03-07 06:38:30.300431612,8.465446026133806,7.767622024337431,347.1774791765467,Route,False,17.42828536668552,78.4733820219987,2.326428356516669,-5.069214739804201,1.4326852697266768,2.2773513032548536,5.220638667952234,-8.601420344350274,-4.326895581162242,1.254854301291218,5.577562816880955
17.42826073198683,78.47364094942233,2025-03-07 06:38:33.548306486,3.474760666062997,7.706897227071391,204.8765371782571,Route,False,17.42821530956546,78.47368698726935,4.825439343502758,-4.890818930349072,1.4326852697266768,2.2773513032548536,5.251084447821265,-8.669962699782273,-1.8583303740451842,1.5017924661783473,6.870587650797068
17.428207697210997,78.474092128746,2025-03-07 06:38:36.796181360,9.102848062553992,7.5862388903912645,479.709340720909,Route,False,17.42811236367378,78.47413511707312,10.127733999865963,-4.566853963227625,1.4326852697266768,2.2773513032548536,5.276242856815044,-8.740617172088715,3.418805873324242,1.8964119056062354,11.109777274702175
17.428080984912135,78.47442283076592,2025-03-07 06:38:40.044056234,9.307900400064241,11.310791760994727,246.87478588845462,Route,False,17.428028939053657,78.47449826566033,5.529078494810113,-8.013806759454733,1.4326852697266768,2.2773513032548536,5.303011246660922,-8.810677526819896,-1.206618021577486,-1.4804805358896895,9.7361084515146
17.42800638933236,78.47479037330702,2025-03-07 06:38:43.291931108,3.322678662763485,11.848924965358576,425.4283517107585,Route,False,17.42795488635176,78.4748206153221,5.471406002152224,-3.2127527548513273,1.4326852697266768,2.2773513032548536,5.324854002124407,-8.882426352829542,-1.2861332696988594,3.3923222947233613,6.344924263077706
17.427920526210197,78.47520476443947,2025-03-07 06:38:46.539805982,7.943101396578642,11.142037697713885,206.71505031226934,Route,False,17.42785874388089,78.47523911789774,6.563429988736615,-3.6495308750992663,1.4326852697266768,2.2773513032548536,5.348756785946122,-8.953515430229466,-0.2180120669361837,3.0266332518753454,7.509839467348816
17.42788835918492,78.4754691280068,2025-03-07 06:38:49.787680856,7.473205149271234,12.584227867393372,232.19592317443866,Route,False,17.427781790429552,78.475574088415,11.321304533154256,-11.150442183420942,1.4326852697266768,2.2773513032548536,5.374780730442691,-9.023855705412602,4.513838532984889,-4.403937781263195,15.890383797071495
17.42779595301922,78.4758291966022,2025-03-07 06:38:53.035555730,4.320044603251583,10.94497650119996,429.30321436766616,Route,False,17.427707223554734,78.47589866777041,9.426152018219817,-7.380251827653747,1.4326852697266768,2.2773513032548536,5.399045169048042,-9.094822155367261,2.5944215794450964,-0.5627809755413393,11.97165230493168
17.427656210014526,78.47617440414994,2025-03-07 06:38:56.283430604,3.5900186025763476,11.649759920683074,478.3592692208488,Route,False,17.427630534518467,78.47623248196616,2.727629771914895,-6.169881987549854,1.4326852697266768,2.2773513032548536,5.425877420398002,-9.16485807677544,-4.130932918209783,0.717624785970733,6.745917870307097
17.42756701311971,78.47655420591074,2025-03-07 06:38:59.531305478,9.343243587503894,11.187212103113781,310.5306646245634,Route,False,17.427546974923256,78.47659619956003,2.1287526871406426,-4.461184616801866,1.4326852697266768,2.2773513032548536,5.455784636218285,-9.23363713203123,-4.759717218804319,2.4951012119745113,4.943051303415545
17.427584155672537,78.47684983030331,2025-03-07 06:39:02.779180352,5.846671994945222,13.308575949886272,469.21024656304184,Route,False,17.427473349216864,78.47691667417938,11.771495543839908,-7.101142118462713,1.4326852697266768,2.2773513032548536,5.480087915943527,-9.304590289780526,4.858722358169703,-0.07390313193704122,13.747520748311237
17.4274733111184,78.47716659002275,2025-03-07 06:39:06.027055226,9.63755187127386,11.10787054386696,182.00480451540247,Route,False,17.42739378814568,78.47726298127604,8.448102714858432,-10.240100197764939,1.4326852697266768,2.2773513032548536,5.498464157149398,-9.377304207011987,1.516953287982357,-3.140147294007806,13.275168230235876
17.42734750728126,78.47760016179714,2025-03-07 06:39:09.274930100,3.81405152165509,12.29760124030824,350.88684480315095,Route,False,17.42729871591385,78.47767680059953,5.1833384668472045,-8.141703615521614,1.4326852697266768,2.2773513032548536,5.519442683933582,-9.449310466559092,-1.7687894868130551,-0.9697444522173728,9.651649362927335
17.427317274871683,78.47799822786584,2025-03-07 06:39:12.522804974,3.9199796871853625,7.5599678861962145,61.184811642285894,Route,False,17.42720738988003,78.4780743099165,11.673604048273061,-8.082557236911894,1.4326852697266768,2.2773513032548536,5.537834999608223,-9.52202031956489,4.7030837789381605,-0.8378882206018574,14.198618347001727
17.427167013269912,78.47842938480616,2025-03-07 06:39:15.770679848,5.824313327627889,8.243261803329426,319.9724884596417,Route,False,17.427108261311368,78.47850577666676,6.241499324009923,-8.115469817972903,1.4326852697266768,2.2773513032548536,5.556467665157088,-9.594668951861335,-0.7476536108738419,-0.7981521693664227,10.23802540424888
17.42707943295315,78.47883007308094,2025-03-07 06:39:19.018554722,7.869641334801576,8.05469636217106,288.1252079066151,Route,False,17.42702696096206,78.47885964067613,5.574348583674914,-3.1411059300628215,1.4326852697266768,2.2773513032548536,5.570316073018934,-9.66837934190027,-1.428652759070696,4.249922108582596,6.398430166548224
17.427039511744837,78.47916082116802,2025-03-07 06:39:22.266429596,2.714197638459762,8.661409018084841,227.40133608061464,Route,False,17.426930817742406,78.47927810541891,11.547079612531197,-12.4596624665308,1.4326852697266768,2.2773513032548536,5.576792937812241,-9.743099153345758,4.53760140499228,-4.993914616439896,16.9875906578305
17.426917131300467,78.47955236749532,2025-03-07 06:39:25.514304470,4.750060716298723,7.805462371229181,312.09824083733355,Route,False,17.426845992177853,78.47964730617025,7.5574465381556335,-10.085785906886864,1.4326852697266768,2.2773513032548536,5.58670390357626,-9.817441420984192,0.5380573648526964,-2.5456957891575263,12.603097854759291
17.42682343717877,78.47985442988272,2025-03-07 06:39:28.762179344,9.813059331885388,8.853843680270176,13.997977593002918,Route,False,17.42677551734439,78.47995404306126,5.090751377593876,-10.582380603489382,1.4326852697266768,2.2773513032548536,5.592684611275951,-9.892202581591894,-1.934618503408752,-2.967529325152339,11.743190742961737
17.426711253183345,78.48029981891973,2025-03-07 06:39:32.010054218,2.8131951487334526,7.479269766956824,329.710558688755,Route,False,17.42668047403189,78.48036770943752,3.2698153005581387,-7.212331833023624,1.4326852697266768,2.2773513032548536,5.60227386433362,-9.966587030408807,-3.765143833502158,0.47690389413033024,7.918928119980003
17.426677501449436,78.48064189866945,2025-03-07 06:39:35.257929092,5.591577762677408,7.632619066344006,197.79907906717835,Route,False,17.426608332383033,78.48068169552585,7.348158119422859,-4.227808885521038,1.4326852697266768,2.2773513032548536,5.6062349806994565,-10.041482354409284,0.3092378689967254,3.5363221656333916,8.477605541692226
17.426580756367187,78.4809796435067,2025-03-07 06:39:38.505803966,5.258379045597717,7.748493090103258,427.30466854035654,Route,False,17.426528432079134,78.48102944736941,5.558657389584029,-5.290900646495322,1.4326852697266768,2.2773513032548536,5.615157588116643,-10.115949710189376,-1.4891854682592907,2.547697760439201,7.674131978658026
17.426522064671577,78.48144382082431,2025-03-07 06:39:41.753678840,5.168403404631113,7.972381441836418,428.5669677866395,Route,False,17.42642566229029,78.48147673073618,10.241282376624364,-3.496176089296814,1.4326852697266768,2.2773513032548536,5.6305900599520955,-10.189344797307301,3.1780070469455914,4.415817404755635,10.821603946048272
17.426435294645632,78.48182885329933,2025-03-07 06:39:45.001553714,8.356113333336836,13.329136070481239,124.12077608863603,Route,False,17.42632662826981,78.48190775029308,11.544144706890792,-8.381601998112101,1.4326852697266768,2.2773513032548536,5.640871519274721,-10.26363673222757,4.470587917889394,-0.3953165691393858,14.26599204641554
17.426294372273027,78.48218390684517,2025-03-07 06:39:48.249428588,7.730929571784263,15.31875330883341,37.55941737622892,Route,False,17.42625651607562,78.48221289204719,4.021643471259844,-3.079235540749782,1.4326852697266768,2.2773513032548536,5.656373958005375,-10.33701707287411,-3.067415756472208,4.980430228869474,5.065106881926928
17.42620075725953,78.48249971230007,2025-03-07 06:39:51.497303462,2.516971896059027,14.283760166257942,402.41675922515566,Route,False,17.426171962651324,78.48258088205449,3.0589878551401357,-8.62304814926616,1.4326852697266768,2.2773513032548536,5.678054599750072,-10.408815051770024,-4.051752014336613,-0.49158440075099036,9.14955551283544
17.426119044747548,78.48287903514138,2025-03-07 06:39:54.745178336,5.445346084673791,15.720415044075965,483.53957920920476,Route,False,17.426078865248336,78.48298605317704,4.268458846146914,-11.369033709678655,1.4326852697266768,2.2773513032548536,5.7050369987128775,-10.478793263709253,-2.8692634222926405,-3.1675917492242553,12.143914871780824
17.426045984248333,78.48331303030386,2025-03-07 06:39:57.993053210,5.547941757162032,13.263097703493957,486.5533132689386,Route,False,17.42598909174402,78.4833767544478,6.04396067806443,-6.769718171541847,1.4326852697266768,2.2773513032548536,5.730620299650496,-10.549294999242042,-1.1193448913127437,1.5022255244453417,9.075160869102703
17.425949454558957,78.48367677350672,2025-03-07 06:40:01.240928084,9.333161331467675,15.231553326557805,54.88208215413376,Route,False,17.425894521153225,78.48378832908965,5.8358363403208715,-11.851078888631172,1.4326852697266768,2.2773513032548536,5.759301100192657,-10.618594434162254,-1.3561500295984619,-3.5098357577237724,13.210036207958295
17.42587776575704,78.48406927860984,2025-03-07 06:40:04.488802958,6.863821518372493,12.89283435643944,284.45148817451167,Route,False,17.42581506000464,78.4841341434565,6.661529605017777,-6.890900433804789,1.4326852697266768,2.2773513032548536,5.789879217558307,-10.68707785360355,-0.561034882267207,1.518826116543907,9.584387589571872
17.42587776575704,78.48406927860984,2025-03-07 06:40:07.736677832,100.0,0.0,45.439454175374706,Route,True,17.425739374823543,78.48446352207645,14.701925506508177,-41.88235407591344,1.4326852697266768,2.2773513032548536,5.813641224680868,-10.758214110305088,7.455599012100633,-33.401491268863204,44.387815856821554
17.426078176289217,78.48435915412313,2025-03-07 06:40:10.984552706,200.0,0.0,385.04290022423515,Route,True,17.425661821800357,78.48480102675812,44.231312881733814,-46.94222662425521,1.4326852697266768,2.2773513032548536,5.840522029148291,-10.82823141067567,36.95810558285885,-38.391346516834396,64.49791996401719
17.42587776575704,78.48406927860984,2025-03-07 06:40:14.232427580,100.0,0.0,80.6476313143032,Route,True,17.42558613138525,78.48513042281581,30.98170307024182,-112.73038394735016,1.4326852697266768,2.2773513032548536,5.865884649331882,-10.898812835267577,23.683133151183267,-104.10892241533745,116.9102450174903
17.42580098839893,78.48516968006327,2025-03-07 06:40:17.480302454,200.0,0.0,221.84704999241794,Route,True,17.425501116729176,78.4855003939256,31.856790317223556,-35.133302777094684,1.4326852697266768,2.2773513032548536,5.888105181435577,-10.97044556488909,24.535999866061307,-26.440208515460455,47.42577414594893
17.42557551787183,78.48555182620557,2025-03-07 06:40:20.728177328,200.0,0.0,227.644801245722,Route,True,17.425429151944385,78.48581357114514,15.54914695347773,-27.806406866130306,1.4326852697266768,2.2773513032548536,5.904813512755354,-11.043560759373605,8.2116481709957,-19.040197410011558,31.85862887485311
17.4256717934648,78.48662061083435,2025-03-07 06:40:23.976052202,200.0,0.0,474.50323263414583,Route,True,17.42534035181086,78.4862000096612,35.21061953178305,44.68245830412644,1.4326852697266768,2.2773513032548536,5.915453486114796,-11.117802196367446,27.862480775941584,53.52290919723903,56.88857361467222
17.42587776575704,78.48406927860984,2025-03-07 06:40:27.223927076,100.0,0.0,365.28296032715514,Route,False,17.42525322097986,78.48657918018098,66.34835503700056,-266.63875295320344,1.4326852697266768,2.2773513032548536,5.9286591798881085,-11.191630440637274,58.98701058738577,-257.724473815821,274.7695921905394
17.425267366113435,78.48681331333869,2025-03-07 06:40:30.471801950,4.539225458373566,14.921001626308453,287.68827630384544,Route,False,17.425178858927286,78.48690278136431,9.40253833590919,-9.50461287258998,1.4326852697266768,2.2773513032548536,5.936763224591995,-11.26619131817662,2.033089841590517,-0.5157728576682141,13.369569664579526
17.42511775163137,78.4871936994497,2025-03-07 06:40:33.719676824,9.407353273579405,13.280985347772205,68.42259239024473,Route,False,17.425088182073925,78.48729737649117,3.1413143898988425,-11.014104046055598,1.4326852697266768,2.2773513032548536,5.942080053285311,-11.34100262302185,-4.233450933113145,-1.9504527262886022,11.453311487666955
17.42506942524857,78.48759916549744,2025-03-07 06:40:36.967551698,5.847119011737638,14.16789159438763,244.76630888312357,Route,False,17.42500317244609,78.48766730622064,7.038349565789145,-7.238912343199349,1.4326852697266768,2.2773513032548536,5.950903744715489,-11.415481764192684,-0.34523944865302125,1.8992181177384806,10.09654478139765
17.425022073331743,78.48788219279858,2025-03-07 06:40:40.215426572,5.694196911809058,13.18660767224488,470.5525562329926,Route,False,17.424925714306063,78.4880043717135,10.236676504861759,-12.979645850450808,1.4326852697266768,2.2773513032548536,5.9536849492661075,-11.490430179127541,2.850306285868974,-3.766566974578121,16.530600481177736
17.42488908121867,78.4883000035364,2025-03-07 06:40:43.463301446,4.336130089585697,14.163116560898123,212.1289776164078,Route,False,17.424842100347686,78.48836822176357,4.99100084057602,-7.247145956650165,1.4326852697266768,2.2773513032548536,5.9624294077564794,-11.564918664450511,-2.4041138369071366,2.0404214045454916,8.799500776045274
17.424810826169296,78.48862800126778,2025-03-07 06:40:46.711176320,4.835258762750932,14.783893381908097,108.8216014457542,Route,False,17.424766718675308,78.48869624574745,4.685748368636099,-7.249934882526141,1.4326852697266768,2.2773513032548536,5.966205776193191,-11.63982353105763,-2.713142677283769,2.1125373452766345,8.632368943403959
17.424810826169296,78.48862800126778,2025-03-07 06:40:49.959051194,100.0,0.0,369.638687944742,Route,True,17.424668735907247,78.4891226151363,15.094922731256451,-52.54517810954501,1.4326852697266768,2.2773513032548536,5.963382549993658,-11.714770374845918,7.698854911536117,-43.10775903795395,54.67039815865997
17.424810826169296,78.48862800126778,2025-03-07 06:40:53.206926068,100.0,0.0,270.37463168701936,Route,True,17.424588027916695,78.48947381018122,23.66891551310912,-89.8542940922213,1.4326852697266768,2.2773513032548536,5.96608325061204,-11.789721733847406,16.2701469927704,-80.34192366162874,92.91938295306363
17.424865981636103,78.48951269168585,2025-03-07 06:40:56.454800942,200.0,0.0,103.0683950394241,Route,True,17.424515192504618,78.48979074557039,37.265993871423504,-29.538983472741286,1.4326852697266768,2.2773513032548536,5.971813412320426,-11.86450251511369,29.861495189376406,-19.95183226088245,47.55318962832942
17.424005118267598,78.4896383892155,2025-03-07 06:40:59.702675816,200.0,0.0,87.38101107122127,Route,True,17.424443529355823,78.490102577582,-46.574490087188245,-49.31293266638438,1.4326852697266768,2.2773513032548536,5.9746093353224685,-11.939450382425353,-53.98178469223739,-39.650833587213874,67.83029157419976
17.424810826169296,78.48862800126778,2025-03-07 06:41:02.950550690,100.0,0.0,304.7072245421157,Route,True,17.42437159478651,78.49041558826767,46.661633870483456,-189.90384878975667,1.4326852697266768,2.2773513032548536,5.9726299522812125,-12.014424258160679,39.25631864847557,-180.16677583485082,195.55249898844508
17.424810826169296,78.48862800126778,2025-03-07 06:41:06.198425564,100.0,0.0,465.63730957099415,Route,True,17.424286642314158,78.49078524123969,55.68653809335899,-229.17383794772348,1.4326852697266768,2.2773513032548536,5.963843153983228,-12.088907760868798,48.29000966964909,-219.36228149010955,235.84240187996846
17.424666702125172,78.49076488236462,2025-03-07 06:41:09.446300438,200.0,0.0,275.69492197287667,Route,True,17.424196257140167,78.49117852993072,49.97760293732743,-43.94374363377299,1.4326852697266768,2.2773513032548536,5.94889214970086,-12.162402437349131,42.596025517899896,-34.05869249967871,66.54933057448379
17.424810826169296,78.48862800126778,2025-03-07 06:41:12.694175312,100.0,0.0,144.36234470799187,Route,False,17.4241189097578,78.4915150847035,73.5055634171652,-306.7085720888589,1.4326852697266768,2.2773513032548536,5.940877675145267,-12.236972995866536,66.13200047229327,-296.74895039624715,315.393747633116
17.424135015292887,78.4917435010776,2025-03-07 06:41:15.942050186,7.321741139119499,16.241096287061985,89.80462387785876,Route,False,17.424043740519704,78.49184215923732,9.696552238513986,-10.480924423993901,1.4326852697266768,2.2773513032548536,5.938156690218513,-12.31192362122102,2.3257102785687955,-0.4463521060277343,14.278406847253741
17.42398568255698,78.49213295661839,2025-03-07 06:41:19.189925060,9.70529975270513,16.983615083389008,52.358622941490516,Route,False,17.42394881396443,78.49225519799135,3.9167255218932753,-12.98628106464879,1.4326852697266768,2.2773513032548536,5.93932259723115,-12.386914558412375,-3.4552823450645516,-2.8767178094912684,13.564078837278478
17.423879585073127,78.49262305718847,2025-03-07 06:41:22.437799934,7.074040412253924,17.130083069974667,9.328264753184545,Route,False,17.423850884725837,78.49268129754836,3.048974070860336,-6.187149772048145,1.4326852697266768,2.2773513032548536,5.940569535189291,-12.461904192000816,-4.324280734055632,3.997403116697817,6.897613006434477
17.423831528821115,78.49291857326055,2025-03-07 06:41:25.685674808,8.065496299621202,16.33209213491687,192.95549890137838,Route,False,17.423777413789008,78.49300097340138,5.748896627381312,-8.753757935107597,1.4326852697266768,2.2773513032548536,5.939461272524518,-12.536896003246216,-1.623249914869883,1.5057867648837646,10.472730800453883
17.423795966992998,78.49333082162883,2025-03-07 06:41:28.933549682,2.7617492774977856,15.922268397950338,7.977964066518406,Route,False,17.423685197818475,78.49340220670614,11.76753499032232,-7.583575472239459,1.4326852697266768,2.2773513032548536,5.943456264683201,-12.611789527917258,4.391393455912441,2.750862752422947,13.99948201511799
17.423655937013354,78.49363759935109,2025-03-07 06:41:32.181424556,9.664761730246632,16.56660385361844,478.07605332327984,Route,False,17.42360485190329,78.49375178979862,5.42701363209985,-12.130993054609524,1.4326852697266768,2.2773513032548536,5.9469691805563425,-12.686707212225226,-1.9526408181831694,-1.7216371456391528,13.289600048684013
17.42359373681694,78.49402743373508,2025-03-07 06:41:35.429299430,3.753758705446956,14.757917954722606,470.7055797605434,Route,False,17.423515506442165,78.4941405263667,8.310783902205022,-12.014366861587963,1.4326852697266768,2.2773513032548536,5.947999673802818,-12.761700132448864,0.9300989586755262,-1.530018032393951,14.608700837308332
17.42349849633819,78.4944411744897,2025-03-07 06:41:38.677174304,7.245347583649701,14.834058170273671,104.67942714252082,Route,False,17.423423735134115,78.49453981385926,7.942237437984225,-10.478928257152148,1.4326852697266768,2.2773513032548536,5.944998064399831,-12.836640043984653,0.5645541038577174,0.08036048357765235,13.148652894493033
17.423379244795633,78.49477087572153,2025-03-07 06:41:41.925049178,4.5767321374196275,15.380566789355296,217.75856910163193,Route,False,17.423347119096736,78.49487315911843,3.4128654246009766,-10.866050570519677,1.4326852697266768,2.2773513032548536,5.945686169399139,-12.911636887328289,-3.9655060145248395,-0.23176498644624194,11.389411986908183
17.42325016228835,78.49511465225658,2025-03-07 06:41:45.172924052,200.0,0.0,335.41748846897866,Route,True,17.423248495380015,78.49530225306383,0.17708358188131257,-19.929723887260764,1.4326852697266768,2.2773513032548536,5.952698595813478,-12.986308340212128,-7.208300283658843,-9.22076685030349,19.930510601021343
17.423379244795633,78.49477087572153,2025-03-07 06:41:48.420798926,100.0,0.0,223.01036583416385,Route,True,17.42316091817588,78.49568328167005,23.193872738444096,-96.92921312092784,1.4326852697266768,2.2773513032548536,5.955202099257839,-13.061266545036577,15.80598536945958,-86.14529787914611,99.66558126479468
